year,resource,variable,units,magnitude,source,data_value,flag
2007,Biogas,Closing stock,Dollars,Thousands,Environmental Accounts,65622,R
2007,Biogas,Generation,Gigawatt hours,Actual,MBIE,224,F
2007,Biogas,Gigawatt hours,Number,Percent,MBIE,1,F
2007,Biogas,Opening stock,Dollars,Thousands,Environmental Accounts,,F
2007,Biogas,Other changes,Dollars,Thousands,Environmental Accounts,,F
2007,Biogas,Resource rent,Dollars,Thousands,Environmental Accounts,5250,R
2007,Coal,Generation,Gigawatt hours,Actual,MBIE,4786,F
2007,Gas,Generation,Gigawatt hours,Actual,MBIE,8055,R
2007,Geothermal,Closing stock,Dollars,Thousands,Environmental Accounts,940377,R
2007,Geothermal,Generation,Gigawatt hours,Actual,MBIE,3210,F
2007,Geothermal,Gigawatt hours,Number,Percent,MBIE,8,F
2007,Geothermal,Opening stock,Dollars,Thousands,Environmental Accounts,,F
2007,Geothermal,Other changes,Dollars,Thousands,Environmental Accounts,,F
2007,Geothermal,Resource rent,Dollars,Thousands,Environmental Accounts,75230,R
2007,Hydro,Closing stock,Dollars,Thousands,Environmental Accounts,7103180,R
2007,Hydro,Generation,Gigawatt hours,Actual,MBIE,24249,F
2007,Hydro,Gigawatt hours,Number,Percent,MBIE,58,R
2007,Hydro,Opening stock,Dollars,Thousands,Environmental Accounts,,F
2007,Hydro,Other changes,Dollars,Thousands,Environmental Accounts,,F
2007,Hydro,Resource rent,Dollars,Thousands,Environmental Accounts,568254,R
2007,Oil,Generation,Gigawatt hours,Actual,MBIE,3,F
2007,Renewable,Closing stock,Dollars,Thousands,Environmental Accounts,8425774,R
2007,Renewable,Generation,Gigawatt hours,Actual,MBIE,28765,F
2007,Renewable,Gigawatt hours,Number,Percent,MBIE,69,R
2007,Renewable,Opening stock,Dollars,Thousands,Environmental Accounts,,F
2007,Renewable,Other changes,Dollars,Thousands,Environmental Accounts,,F
2007,Renewable,Resource rent,Dollars,Thousands,Environmental Accounts,674062,R
2007,Renewable,Resource rent,Number,Percent,Environmental Accounts,69,R
2007,Solar,Closing stock,Dollars,Thousands,Environmental Accounts,247,R
2007,Solar,Generation,Gigawatt hours,Actual,MBIE,1,F
2007,Solar,Gigawatt hours,Number,Percent,MBIE,0,F
2007,Solar,Opening stock,Dollars,Thousands,Environmental Accounts,,F
2007,Solar,Other changes,Dollars,Thousands,Environmental Accounts,,F
2007,Solar,Resource rent,Dollars,Thousands,Environmental Accounts,20,F
2007,Total generation,Generation,Gigawatt hours,Actual,MBIE,41679,R
2007,Total generation,Prices,Number,Average,Electricity Authority,42,R
2007,Total generation,Resource rent,Dollars,Thousands,Environmental Accounts,976700,F
2007,Waste heat,Generation,Gigawatt hours,Actual,MBIE,71,F
2007,Wind,Closing stock,Dollars,Thousands,Environmental Accounts,176867,R
2007,Wind,Generation,Gigawatt hours,Actual,MBIE,604,F
2007,Wind,Gigawatt hours,Number,Percent,MBIE,1,F
2007,Wind,Opening stock,Dollars,Thousands,Environmental Accounts,,F
2007,Wind,Other changes,Dollars,Thousands,Environmental Accounts,,F
2007,Wind,Resource rent,Dollars,Thousands,Environmental Accounts,14149,R
2007,Wood,Closing stock,Dollars,Thousands,Environmental Accounts,139482,R
2007,Wood,Generation,Gigawatt hours,Actual,MBIE,476,F
2007,Wood,Gigawatt hours,Number,Percent,MBIE,1,F
2007,Wood,Opening stock,Dollars,Thousands,Environmental Accounts,,F
2007,Wood,Other changes,Dollars,Thousands,Environmental Accounts,,F
2007,Wood,Resource rent,Dollars,Thousands,Environmental Accounts,11159,R
2008,Biogas,Closing stock,Dollars,Thousands,Environmental Accounts,64361,R
2008,Biogas,Generation,Gigawatt hours,Actual,MBIE,205,F
2008,Biogas,Gigawatt hours,Number,Percent,MBIE,0,F
2008,Biogas,Opening stock,Dollars,Thousands,Environmental Accounts,65622,R
2008,Biogas,Other changes,Dollars,Thousands,Environmental Accounts,-1261,R
2008,Biogas,Resource rent,Dollars,Thousands,Environmental Accounts,5149,R
2008,Coal,Generation,Gigawatt hours,Actual,MBIE,3245,F
2008,Gas,Generation,Gigawatt hours,Actual,MBIE,10443,R
2008,Geothermal,Closing stock,Dollars,Thousands,Environmental Accounts,1072269,R
2008,Geothermal,Generation,Gigawatt hours,Actual,MBIE,3417,F
2008,Geothermal,Gigawatt hours,Number,Percent,MBIE,8,F
2008,Geothermal,Opening stock,Dollars,Thousands,Environmental Accounts,940377,R
2008,Geothermal,Other changes,Dollars,Thousands,Environmental Accounts,131892,R
2008,Geothermal,Resource rent,Dollars,Thousands,Environmental Accounts,85782,R
2008,Hydro,Closing stock,Dollars,Thousands,Environmental Accounts,7096878,R
2008,Hydro,Generation,Gigawatt hours,Actual,MBIE,22616,F
2008,Hydro,Gigawatt hours,Number,Percent,MBIE,54,R
2008,Hydro,Opening stock,Dollars,Thousands,Environmental Accounts,7103180,R
2008,Hydro,Other changes,Dollars,Thousands,Environmental Accounts,-6302,R
2008,Hydro,Resource rent,Dollars,Thousands,Environmental Accounts,567750,R
2008,Oil,Generation,Gigawatt hours,Actual,MBIE,27,F
2008,Renewable,Closing stock,Dollars,Thousands,Environmental Accounts,8709962,R
2008,Renewable,Generation,Gigawatt hours,Actual,MBIE,27756,F
2008,Renewable,Gigawatt hours,Number,Percent,MBIE,67,R
2008,Renewable,Opening stock,Dollars,Thousands,Environmental Accounts,8425774,R
2008,Renewable,Other changes,Dollars,Thousands,Environmental Accounts,284188,R
2008,Renewable,Resource rent,Dollars,Thousands,Environmental Accounts,696797,R
2008,Renewable,Resource rent,Number,Percent,Environmental Accounts,67,R
2008,Solar,Closing stock,Dollars,Thousands,Environmental Accounts,1062,R
2008,Solar,Generation,Gigawatt hours,Actual,MBIE,3,F
2008,Solar,Gigawatt hours,Number,Percent,MBIE,0,F
2008,Solar,Opening stock,Dollars,Thousands,Environmental Accounts,247,R
2008,Solar,Other changes,Dollars,Thousands,Environmental Accounts,815,R
2008,Solar,Resource rent,Dollars,Thousands,Environmental Accounts,85,R
2008,Total generation,Generation,Gigawatt hours,Actual,MBIE,41518,R
2008,Total generation,Prices,Number,Average,Electricity Authority,70,F
2008,Total generation,Resource rent,Dollars,Thousands,Environmental Accounts,1042266,F
2008,Waste heat,Generation,Gigawatt hours,Actual,MBIE,47,F
2008,Wind,Closing stock,Dollars,Thousands,Environmental Accounts,323942,R
2008,Wind,Generation,Gigawatt hours,Actual,MBIE,1032,F
2008,Wind,Gigawatt hours,Number,Percent,MBIE,2,F
2008,Wind,Opening stock,Dollars,Thousands,Environmental Accounts,176867,R
2008,Wind,Other changes,Dollars,Thousands,Environmental Accounts,147075,R
2008,Wind,Resource rent,Dollars,Thousands,Environmental Accounts,25915,R
2008,Wood,Closing stock,Dollars,Thousands,Environmental Accounts,151450,R
2008,Wood,Generation,Gigawatt hours,Actual,MBIE,483,F
2008,Wood,Gigawatt hours,Number,Percent,MBIE,1,F
2008,Wood,Opening stock,Dollars,Thousands,Environmental Accounts,139482,R
2008,Wood,Other changes,Dollars,Thousands,Environmental Accounts,11968,R
2008,Wood,Resource rent,Dollars,Thousands,Environmental Accounts,12116,R
2009,Biogas,Closing stock,Dollars,Thousands,Environmental Accounts,65001,R
2009,Biogas,Generation,Gigawatt hours,Actual,MBIE,205,F
2009,Biogas,Gigawatt hours,Number,Percent,MBIE,0,F
2009,Biogas,Opening stock,Dollars,Thousands,Environmental Accounts,64361,R
2009,Biogas,Other changes,Dollars,Thousands,Environmental Accounts,640,R
2009,Biogas,Resource rent,Dollars,Thousands,Environmental Accounts,5200,R
2009,Coal,Generation,Gigawatt hours,Actual,MBIE,4088,F
2009,Gas,Generation,Gigawatt hours,Actual,MBIE,8725,R
2009,Geothermal,Closing stock,Dollars,Thousands,Environmental Accounts,1328154,R
2009,Geothermal,Generation,Gigawatt hours,Actual,MBIE,4197,F
2009,Geothermal,Gigawatt hours,Number,Percent,MBIE,10,F
2009,Geothermal,Opening stock,Dollars,Thousands,Environmental Accounts,1072269,R
2009,Geothermal,Other changes,Dollars,Thousands,Environmental Accounts,255885,R
2009,Geothermal,Resource rent,Dollars,Thousands,Environmental Accounts,106252,R
2009,Hydro,Closing stock,Dollars,Thousands,Environmental Accounts,7069849,R
2009,Hydro,Generation,Gigawatt hours,Actual,MBIE,22340,F
2009,Hydro,Gigawatt hours,Number,Percent,MBIE,54,R
2009,Hydro,Opening stock,Dollars,Thousands,Environmental Accounts,7096878,R
2009,Hydro,Other changes,Dollars,Thousands,Environmental Accounts,-27028,R
2009,Hydro,Resource rent,Dollars,Thousands,Environmental Accounts,565588,R
2009,Oil,Generation,Gigawatt hours,Actual,MBIE,98,F
2009,Renewable,Closing stock,Dollars,Thousands,Environmental Accounts,8958433,R
2009,Renewable,Generation,Gigawatt hours,Actual,MBIE,28308,F
2009,Renewable,Gigawatt hours,Number,Percent,MBIE,69,R
2009,Renewable,Opening stock,Dollars,Thousands,Environmental Accounts,8709962,R
2009,Renewable,Other changes,Dollars,Thousands,Environmental Accounts,248471,R
2009,Renewable,Resource rent,Dollars,Thousands,Environmental Accounts,716675,R
2009,Renewable,Resource rent,Number,Percent,Environmental Accounts,69,R
2009,Solar,Closing stock,Dollars,Thousands,Environmental Accounts,1093,R
2009,Solar,Generation,Gigawatt hours,Actual,MBIE,3,F
2009,Solar,Gigawatt hours,Number,Percent,MBIE,0,F
2009,Solar,Opening stock,Dollars,Thousands,Environmental Accounts,1062,R
2009,Solar,Other changes,Dollars,Thousands,Environmental Accounts,31,R
2009,Solar,Resource rent,Dollars,Thousands,Environmental Accounts,87,R
2009,Total generation,Generation,Gigawatt hours,Actual,MBIE,41279,R
2009,Total generation,Prices,Number,Average,Electricity Authority,105,F
2009,Total generation,Resource rent,Dollars,Thousands,Environmental Accounts,1045057,R
2009,Waste heat,Generation,Gigawatt hours,Actual,MBIE,59,F
2009,Wind,Closing stock,Dollars,Thousands,Environmental Accounts,344763,R
2009,Wind,Generation,Gigawatt hours,Actual,MBIE,1089,F
2009,Wind,Gigawatt hours,Number,Percent,MBIE,3,F
2009,Wind,Opening stock,Dollars,Thousands,Environmental Accounts,323942,R
2009,Wind,Other changes,Dollars,Thousands,Environmental Accounts,20821,R
2009,Wind,Resource rent,Dollars,Thousands,Environmental Accounts,27581,R
2009,Wood,Closing stock,Dollars,Thousands,Environmental Accounts,149572,R
2009,Wood,Generation,Gigawatt hours,Actual,MBIE,473,F
2009,Wood,Gigawatt hours,Number,Percent,MBIE,1,F
2009,Wood,Opening stock,Dollars,Thousands,Environmental Accounts,151450,R
2009,Wood,Other changes,Dollars,Thousands,Environmental Accounts,-1879,R
2009,Wood,Resource rent,Dollars,Thousands,Environmental Accounts,11966,R
2010,Biogas,Closing stock,Dollars,Thousands,Environmental Accounts,68658,R
2010,Biogas,Generation,Gigawatt hours,Actual,MBIE,221,F
2010,Biogas,Gigawatt hours,Number,Percent,MBIE,1,F
2010,Biogas,Opening stock,Dollars,Thousands,Environmental Accounts,65001,R
2010,Biogas,Other changes,Dollars,Thousands,Environmental Accounts,3657,R
2010,Biogas,Resource rent,Dollars,Thousands,Environmental Accounts,5493,R
2010,Coal,Generation,Gigawatt hours,Actual,MBIE,3109,F
2010,Gas,Generation,Gigawatt hours,Actual,MBIE,7842,R
2010,Geothermal,Closing stock,Dollars,Thousands,Environmental Accounts,1453871,R
2010,Geothermal,Generation,Gigawatt hours,Actual,MBIE,4671,F
2010,Geothermal,Gigawatt hours,Number,Percent,MBIE,11,F
2010,Geothermal,Opening stock,Dollars,Thousands,Environmental Accounts,1328154,R
2010,Geothermal,Other changes,Dollars,Thousands,Environmental Accounts,125717,R
2010,Geothermal,Resource rent,Dollars,Thousands,Environmental Accounts,116310,R
2010,Hydro,Closing stock,Dollars,Thousands,Environmental Accounts,7530104,R
2010,Hydro,Generation,Gigawatt hours,Actual,MBIE,24194,F
2010,Hydro,Gigawatt hours,Number,Percent,MBIE,57,F
2010,Hydro,Opening stock,Dollars,Thousands,Environmental Accounts,7069849,R
2010,Hydro,Other changes,Dollars,Thousands,Environmental Accounts,460255,R
2010,Hydro,Resource rent,Dollars,Thousands,Environmental Accounts,602408,R
2010,Oil,Generation,Gigawatt hours,Actual,MBIE,9,F
2010,Renewable,Closing stock,Dollars,Thousands,Environmental Accounts,9705226,R
2010,Renewable,Generation,Gigawatt hours,Actual,MBIE,31182,F
2010,Renewable,Gigawatt hours,Number,Percent,MBIE,74,R
2010,Renewable,Opening stock,Dollars,Thousands,Environmental Accounts,8958433,R
2010,Renewable,Other changes,Dollars,Thousands,Environmental Accounts,746793,R
2010,Renewable,Resource rent,Dollars,Thousands,Environmental Accounts,776418,R
2010,Renewable,Resource rent,Number,Percent,Environmental Accounts,74,R
2010,Solar,Closing stock,Dollars,Thousands,Environmental Accounts,1125,R
2010,Solar,Generation,Gigawatt hours,Actual,MBIE,4,F
2010,Solar,Gigawatt hours,Number,Percent,MBIE,0,F
2010,Solar,Opening stock,Dollars,Thousands,Environmental Accounts,1093,R
2010,Solar,Other changes,Dollars,Thousands,Environmental Accounts,31,R
2010,Solar,Resource rent,Dollars,Thousands,Environmental Accounts,90,R
2010,Total generation,Generation,Gigawatt hours,Actual,MBIE,42194,R
2010,Total generation,Prices,Number,Average,Electricity Authority,53,F
2010,Total generation,Resource rent,Dollars,Thousands,Environmental Accounts,1050616,R
2010,Waste heat,Generation,Gigawatt hours,Actual,MBIE,51,F
2010,Wind,Closing stock,Dollars,Thousands,Environmental Accounts,490453,R
2010,Wind,Generation,Gigawatt hours,Actual,MBIE,1576,F
2010,Wind,Gigawatt hours,Number,Percent,MBIE,4,F
2010,Wind,Opening stock,Dollars,Thousands,Environmental Accounts,344763,R
2010,Wind,Other changes,Dollars,Thousands,Environmental Accounts,145689,R
2010,Wind,Resource rent,Dollars,Thousands,Environmental Accounts,39236,R
2010,Wood,Closing stock,Dollars,Thousands,Environmental Accounts,161015,R
2010,Wood,Generation,Gigawatt hours,Actual,MBIE,517,F
2010,Wood,Gigawatt hours,Number,Percent,MBIE,1,F
2010,Wood,Opening stock,Dollars,Thousands,Environmental Accounts,149572,R
2010,Wood,Other changes,Dollars,Thousands,Environmental Accounts,11443,R
2010,Wood,Resource rent,Dollars,Thousands,Environmental Accounts,12881,R
2011,Biogas,Closing stock,Dollars,Thousands,Environmental Accounts,61249,R
2011,Biogas,Generation,Gigawatt hours,Actual,MBIE,215,F
2011,Biogas,Gigawatt hours,Number,Percent,MBIE,0,F
2011,Biogas,Opening stock,Dollars,Thousands,Environmental Accounts,68658,R
2011,Biogas,Other changes,Dollars,Thousands,Environmental Accounts,-7409,R
2011,Biogas,Resource rent,Dollars,Thousands,Environmental Accounts,4900,R
2011,Coal,Generation,Gigawatt hours,Actual,MBIE,1635,F
2011,Gas,Generation,Gigawatt hours,Actual,MBIE,8801,R
2011,Geothermal,Closing stock,Dollars,Thousands,Environmental Accounts,1652916,R
2011,Geothermal,Generation,Gigawatt hours,Actual,MBIE,5808,F
2011,Geothermal,Gigawatt hours,Number,Percent,MBIE,13,F
2011,Geothermal,Opening stock,Dollars,Thousands,Environmental Accounts,1453871,R
2011,Geothermal,Other changes,Dollars,Thousands,Environmental Accounts,199044,R
2011,Geothermal,Resource rent,Dollars,Thousands,Environmental Accounts,132233,R
2011,Hydro,Closing stock,Dollars,Thousands,Environmental Accounts,7095027,R
2011,Hydro,Generation,Gigawatt hours,Actual,MBIE,24931,F
2011,Hydro,Gigawatt hours,Number,Percent,MBIE,57,F
2011,Hydro,Opening stock,Dollars,Thousands,Environmental Accounts,7530104,R
2011,Hydro,Other changes,Dollars,Thousands,Environmental Accounts,-435078,R
2011,Hydro,Resource rent,Dollars,Thousands,Environmental Accounts,567602,R
2011,Oil,Generation,Gigawatt hours,Actual,MBIE,1,F
2011,Renewable,Closing stock,Dollars,Thousands,Environmental Accounts,9415200,R
2011,Renewable,Generation,Gigawatt hours,Actual,MBIE,33084,F
2011,Renewable,Gigawatt hours,Number,Percent,MBIE,76,F
2011,Renewable,Opening stock,Dollars,Thousands,Environmental Accounts,9705226,R
2011,Renewable,Other changes,Dollars,Thousands,Environmental Accounts,-290025,R
2011,Renewable,Resource rent,Dollars,Thousands,Environmental Accounts,753216,R
2011,Renewable,Resource rent,Number,Percent,Environmental Accounts,76,F
2011,Solar,Closing stock,Dollars,Thousands,Environmental Accounts,1100,R
2011,Solar,Generation,Gigawatt hours,Actual,MBIE,4,F
2011,Solar,Gigawatt hours,Number,Percent,MBIE,0,F
2011,Solar,Opening stock,Dollars,Thousands,Environmental Accounts,1125,R
2011,Solar,Other changes,Dollars,Thousands,Environmental Accounts,-25,R
2011,Solar,Resource rent,Dollars,Thousands,Environmental Accounts,88,R
2011,Total generation,Generation,Gigawatt hours,Actual,MBIE,43581,R
2011,Total generation,Prices,Number,Average,Electricity Authority,52,F
2011,Total generation,Resource rent,Dollars,Thousands,Environmental Accounts,992185,R
2011,Waste heat,Generation,Gigawatt hours,Actual,MBIE,59,F
2011,Wind,Closing stock,Dollars,Thousands,Environmental Accounts,466214,R
2011,Wind,Generation,Gigawatt hours,Actual,MBIE,1638,F
2011,Wind,Gigawatt hours,Number,Percent,MBIE,4,F
2011,Wind,Opening stock,Dollars,Thousands,Environmental Accounts,490453,R
2011,Wind,Other changes,Dollars,Thousands,Environmental Accounts,-24238,R
2011,Wind,Resource rent,Dollars,Thousands,Environmental Accounts,37297,R
2011,Wood,Closing stock,Dollars,Thousands,Environmental Accounts,138695,R
2011,Wood,Generation,Gigawatt hours,Actual,MBIE,487,F
2011,Wood,Gigawatt hours,Number,Percent,MBIE,1,F
2011,Wood,Opening stock,Dollars,Thousands,Environmental Accounts,161015,R
2011,Wood,Other changes,Dollars,Thousands,Environmental Accounts,-22319,R
2011,Wood,Resource rent,Dollars,Thousands,Environmental Accounts,11096,R
2012,Biogas,Closing stock,Dollars,Thousands,Environmental Accounts,67785,R
2012,Biogas,Generation,Gigawatt hours,Actual,MBIE,219,F
2012,Biogas,Gigawatt hours,Number,Percent,MBIE,1,F
2012,Biogas,Opening stock,Dollars,Thousands,Environmental Accounts,61249,R
2012,Biogas,Other changes,Dollars,Thousands,Environmental Accounts,6536,R
2012,Biogas,Resource rent,Dollars,Thousands,Environmental Accounts,5423,R
2012,Coal,Generation,Gigawatt hours,Actual,MBIE,2327,F
2012,Gas,Generation,Gigawatt hours,Actual,MBIE,8268,R
2012,Geothermal,Closing stock,Dollars,Thousands,Environmental Accounts,1843595,R
2012,Geothermal,Generation,Gigawatt hours,Actual,MBIE,5965,F
2012,Geothermal,Gigawatt hours,Number,Percent,MBIE,14,F
2012,Geothermal,Opening stock,Dollars,Thousands,Environmental Accounts,1652916,R
2012,Geothermal,Other changes,Dollars,Thousands,Environmental Accounts,190679,R
2012,Geothermal,Resource rent,Dollars,Thousands,Environmental Accounts,147488,R
2012,Hydro,Closing stock,Dollars,Thousands,Environmental Accounts,7391445,R
2012,Hydro,Generation,Gigawatt hours,Actual,MBIE,23913,F
2012,Hydro,Gigawatt hours,Number,Percent,MBIE,55,F
2012,Hydro,Opening stock,Dollars,Thousands,Environmental Accounts,7095027,R
2012,Hydro,Other changes,Dollars,Thousands,Environmental Accounts,296418,R
2012,Hydro,Resource rent,Dollars,Thousands,Environmental Accounts,591316,R
2012,Oil,Generation,Gigawatt hours,Actual,MBIE,2,F
2012,Renewable,Closing stock,Dollars,Thousands,Environmental Accounts,10077447,R
2012,Renewable,Generation,Gigawatt hours,Actual,MBIE,32603,F
2012,Renewable,Gigawatt hours,Number,Percent,MBIE,75,F
2012,Renewable,Opening stock,Dollars,Thousands,Environmental Accounts,9415200,R
2012,Renewable,Other changes,Dollars,Thousands,Environmental Accounts,662247,R
2012,Renewable,Resource rent,Dollars,Thousands,Environmental Accounts,806196,R
2012,Renewable,Resource rent,Number,Percent,Environmental Accounts,75,F
2012,Solar,Closing stock,Dollars,Thousands,Environmental Accounts,1316,R
2012,Solar,Generation,Gigawatt hours,Actual,MBIE,4,F
2012,Solar,Gigawatt hours,Number,Percent,MBIE,0,F
2012,Solar,Opening stock,Dollars,Thousands,Environmental Accounts,1100,R
2012,Solar,Other changes,Dollars,Thousands,Environmental Accounts,216,R
2012,Solar,Resource rent,Dollars,Thousands,Environmental Accounts,105,R
2012,Total generation,Generation,Gigawatt hours,Actual,MBIE,43242,R
2012,Total generation,Prices,Number,Average,Electricity Authority,75,F
2012,Total generation,Resource rent,Dollars,Thousands,Environmental Accounts,1069278,R
2012,Waste heat,Generation,Gigawatt hours,Actual,MBIE,42,F
2012,Wind,Closing stock,Dollars,Thousands,Environmental Accounts,618812,R
2012,Wind,Generation,Gigawatt hours,Actual,MBIE,2002,F
2012,Wind,Gigawatt hours,Number,Percent,MBIE,5,F
2012,Wind,Opening stock,Dollars,Thousands,Environmental Accounts,466214,R
2012,Wind,Other changes,Dollars,Thousands,Environmental Accounts,152598,R
2012,Wind,Resource rent,Dollars,Thousands,Environmental Accounts,49505,R
2012,Wood,Closing stock,Dollars,Thousands,Environmental Accounts,154495,R
2012,Wood,Generation,Gigawatt hours,Actual,MBIE,500,F
2012,Wood,Gigawatt hours,Number,Percent,MBIE,1,F
2012,Wood,Opening stock,Dollars,Thousands,Environmental Accounts,138695,R
2012,Wood,Other changes,Dollars,Thousands,Environmental Accounts,15799,R
2012,Wood,Resource rent,Dollars,Thousands,Environmental Accounts,12360,R
2013,Biogas,Closing stock,Dollars,Thousands,Environmental Accounts,65946,R
2013,Biogas,Generation,Gigawatt hours,Actual,MBIE,208,F
2013,Biogas,Gigawatt hours,Number,Percent,MBIE,0,F
2013,Biogas,Opening stock,Dollars,Thousands,Environmental Accounts,67785,R
2013,Biogas,Other changes,Dollars,Thousands,Environmental Accounts,-1838,R
2013,Biogas,Resource rent,Dollars,Thousands,Environmental Accounts,5276,R
2013,Coal,Generation,Gigawatt hours,Actual,MBIE,3248,F
2013,Gas,Generation,Gigawatt hours,Actual,MBIE,8269,R
2013,Geothermal,Closing stock,Dollars,Thousands,Environmental Accounts,1933567,R
2013,Geothermal,Generation,Gigawatt hours,Actual,MBIE,6095,F
2013,Geothermal,Gigawatt hours,Number,Percent,MBIE,14,F
2013,Geothermal,Opening stock,Dollars,Thousands,Environmental Accounts,1843595,R
2013,Geothermal,Other changes,Dollars,Thousands,Environmental Accounts,89973,R
2013,Geothermal,Resource rent,Dollars,Thousands,Environmental Accounts,154685,R
2013,Hydro,Closing stock,Dollars,Thousands,Environmental Accounts,7204094,R
2013,Hydro,Generation,Gigawatt hours,Actual,MBIE,22710,F
2013,Hydro,Gigawatt hours,Number,Percent,MBIE,53,F
2013,Hydro,Opening stock,Dollars,Thousands,Environmental Accounts,7391445,R
2013,Hydro,Other changes,Dollars,Thousands,Environmental Accounts,-187351,R
2013,Hydro,Resource rent,Dollars,Thousands,Environmental Accounts,576328,R
2013,Oil,Generation,Gigawatt hours,Actual,MBIE,5,F
2013,Renewable,Closing stock,Dollars,Thousands,Environmental Accounts,10009995,R
2013,Renewable,Generation,Gigawatt hours,Actual,MBIE,31556,F
2013,Renewable,Gigawatt hours,Number,Percent,MBIE,73,F
2013,Renewable,Opening stock,Dollars,Thousands,Environmental Accounts,10077447,R
2013,Renewable,Other changes,Dollars,Thousands,Environmental Accounts,-67453,R
2013,Renewable,Resource rent,Dollars,Thousands,Environmental Accounts,800800,R
2013,Renewable,Resource rent,Number,Percent,Environmental Accounts,73,F
2013,Solar,Closing stock,Dollars,Thousands,Environmental Accounts,1583,R
2013,Solar,Generation,Gigawatt hours,Actual,MBIE,5,F
2013,Solar,Gigawatt hours,Number,Percent,MBIE,0,F
2013,Solar,Opening stock,Dollars,Thousands,Environmental Accounts,1316,R
2013,Solar,Other changes,Dollars,Thousands,Environmental Accounts,267,R
2013,Solar,Resource rent,Dollars,Thousands,Environmental Accounts,127,R
2013,Total generation,Generation,Gigawatt hours,Actual,MBIE,43111,R
2013,Total generation,Prices,Number,Average,Electricity Authority,81,F
2013,Total generation,Resource rent,Dollars,Thousands,Environmental Accounts,1094039,R
2013,Waste heat,Generation,Gigawatt hours,Actual,MBIE,33,F
2013,Wind,Closing stock,Dollars,Thousands,Environmental Accounts,633328,R
2013,Wind,Generation,Gigawatt hours,Actual,MBIE,1997,F
2013,Wind,Gigawatt hours,Number,Percent,MBIE,5,F
2013,Wind,Opening stock,Dollars,Thousands,Environmental Accounts,618812,R
2013,Wind,Other changes,Dollars,Thousands,Environmental Accounts,14516,R
2013,Wind,Resource rent,Dollars,Thousands,Environmental Accounts,50666,R
2013,Wood,Closing stock,Dollars,Thousands,Environmental Accounts,171475,R
2013,Wood,Generation,Gigawatt hours,Actual,MBIE,541,F
2013,Wood,Gigawatt hours,Number,Percent,MBIE,1,F
2013,Wood,Opening stock,Dollars,Thousands,Environmental Accounts,154495,R
2013,Wood,Other changes,Dollars,Thousands,Environmental Accounts,16981,R
2013,Wood,Resource rent,Dollars,Thousands,Environmental Accounts,13718,R
2014,Biogas,Closing stock,Dollars,Thousands,Environmental Accounts,69069,R
2014,Biogas,Generation,Gigawatt hours,Actual,MBIE,205,F
2014,Biogas,Gigawatt hours,Number,Percent,MBIE,0,F
2014,Biogas,Opening stock,Dollars,Thousands,Environmental Accounts,65946,R
2014,Biogas,Other changes,Dollars,Thousands,Environmental Accounts,3123,R
2014,Biogas,Resource rent,Dollars,Thousands,Environmental Accounts,5526,R
2014,Coal,Generation,Gigawatt hours,Actual,MBIE,2012,F
2014,Gas,Generation,Gigawatt hours,Actual,MBIE,7590,R
2014,Geothermal,Closing stock,Dollars,Thousands,Environmental Accounts,2238687,R
2014,Geothermal,Generation,Gigawatt hours,Actual,MBIE,6629,F
2014,Geothermal,Gigawatt hours,Number,Percent,MBIE,16,F
2014,Geothermal,Opening stock,Dollars,Thousands,Environmental Accounts,1933567,R
2014,Geothermal,Other changes,Dollars,Thousands,Environmental Accounts,305120,R
2014,Geothermal,Resource rent,Dollars,Thousands,Environmental Accounts,179095,R
2014,Hydro,Closing stock,Dollars,Thousands,Environmental Accounts,7832948,R
2014,Hydro,Generation,Gigawatt hours,Actual,MBIE,23194,F
2014,Hydro,Gigawatt hours,Number,Percent,MBIE,55,F
2014,Hydro,Opening stock,Dollars,Thousands,Environmental Accounts,7204094,R
2014,Hydro,Other changes,Dollars,Thousands,Environmental Accounts,628854,R
2014,Hydro,Resource rent,Dollars,Thousands,Environmental Accounts,626636,R
2014,Oil,Generation,Gigawatt hours,Actual,MBIE,3,F
2014,Renewable,Closing stock,Dollars,Thousands,Environmental Accounts,11027050,R
2014,Renewable,Generation,Gigawatt hours,Actual,MBIE,32652,F
2014,Renewable,Gigawatt hours,Number,Percent,MBIE,77,F
2014,Renewable,Opening stock,Dollars,Thousands,Environmental Accounts,10009995,R
2014,Renewable,Other changes,Dollars,Thousands,Environmental Accounts,1017055,R
2014,Renewable,Resource rent,Dollars,Thousands,Environmental Accounts,882164,R
2014,Renewable,Resource rent,Number,Percent,Environmental Accounts,77,F
2014,Solar,Closing stock,Dollars,Thousands,Environmental Accounts,3076,R
2014,Solar,Generation,Gigawatt hours,Actual,MBIE,9,F
2014,Solar,Gigawatt hours,Number,Percent,MBIE,0,F
2014,Solar,Opening stock,Dollars,Thousands,Environmental Accounts,1583,R
2014,Solar,Other changes,Dollars,Thousands,Environmental Accounts,1493,R
2014,Solar,Resource rent,Dollars,Thousands,Environmental Accounts,246,R
2014,Total generation,Generation,Gigawatt hours,Actual,MBIE,42305,R
2014,Total generation,Prices,Number,Average,Electricity Authority,69,F
2014,Total generation,Resource rent,Dollars,Thousands,Environmental Accounts,1142950,R
2014,Waste heat,Generation,Gigawatt hours,Actual,MBIE,48,F
2014,Wind,Closing stock,Dollars,Thousands,Environmental Accounts,697678,R
2014,Wind,Generation,Gigawatt hours,Actual,MBIE,2066,F
2014,Wind,Gigawatt hours,Number,Percent,MBIE,5,F
2014,Wind,Opening stock,Dollars,Thousands,Environmental Accounts,633328,R
2014,Wind,Other changes,Dollars,Thousands,Environmental Accounts,64349,R
2014,Wind,Resource rent,Dollars,Thousands,Environmental Accounts,55814,R
2014,Wood,Closing stock,Dollars,Thousands,Environmental Accounts,185592,R
2014,Wood,Generation,Gigawatt hours,Actual,MBIE,550,F
2014,Wood,Gigawatt hours,Number,Percent,MBIE,1,F
2014,Wood,Opening stock,Dollars,Thousands,Environmental Accounts,171475,R
2014,Wood,Other changes,Dollars,Thousands,Environmental Accounts,14116,R
2014,Wood,Resource rent,Dollars,Thousands,Environmental Accounts,14847,R
2015,Biogas,Closing stock,Dollars,Thousands,Environmental Accounts,75852,R
2015,Biogas,Generation,Gigawatt hours,Actual,MBIE,232,F
2015,Biogas,Gigawatt hours,Number,Percent,MBIE,1,F
2015,Biogas,Opening stock,Dollars,Thousands,Environmental Accounts,69069,R
2015,Biogas,Other changes,Dollars,Thousands,Environmental Accounts,6782,R
2015,Biogas,Resource rent,Dollars,Thousands,Environmental Accounts,6068,R
2015,Coal,Generation,Gigawatt hours,Actual,MBIE,2152,F
2015,Gas,Generation,Gigawatt hours,Actual,MBIE,6564,R
2015,Geothermal,Closing stock,Dollars,Thousands,Environmental Accounts,2428377,R
2015,Geothermal,Generation,Gigawatt hours,Actual,MBIE,7414,F
2015,Geothermal,Gigawatt hours,Number,Percent,MBIE,17,F
2015,Geothermal,Opening stock,Dollars,Thousands,Environmental Accounts,2238687,R
2015,Geothermal,Other changes,Dollars,Thousands,Environmental Accounts,189689,R
2015,Geothermal,Resource rent,Dollars,Thousands,Environmental Accounts,194270,R
2015,Hydro,Closing stock,Dollars,Thousands,Environmental Accounts,7772820,R
2015,Hydro,Generation,Gigawatt hours,Actual,MBIE,23732,F
2015,Hydro,Gigawatt hours,Number,Percent,MBIE,55,F
2015,Hydro,Opening stock,Dollars,Thousands,Environmental Accounts,7832948,R
2015,Hydro,Other changes,Dollars,Thousands,Environmental Accounts,-60127,R
2015,Hydro,Resource rent,Dollars,Thousands,Environmental Accounts,621826,R
2015,Oil,Generation,Gigawatt hours,Actual,MBIE,3,F
2015,Renewable,Closing stock,Dollars,Thousands,Environmental Accounts,11155541,R
2015,Renewable,Generation,Gigawatt hours,Actual,MBIE,34061,F
2015,Renewable,Gigawatt hours,Number,Percent,MBIE,80,F
2015,Renewable,Opening stock,Dollars,Thousands,Environmental Accounts,11027050,R
2015,Renewable,Other changes,Dollars,Thousands,Environmental Accounts,128492,R
2015,Renewable,Resource rent,Dollars,Thousands,Environmental Accounts,892443,R
2015,Renewable,Resource rent,Number,Percent,Environmental Accounts,80,F
2015,Solar,Closing stock,Dollars,Thousands,Environmental Accounts,7763,R
2015,Solar,Generation,Gigawatt hours,Actual,MBIE,24,F
2015,Solar,Gigawatt hours,Number,Percent,MBIE,0,F
2015,Solar,Opening stock,Dollars,Thousands,Environmental Accounts,3076,R
2015,Solar,Other changes,Dollars,Thousands,Environmental Accounts,4687,R
2015,Solar,Resource rent,Dollars,Thousands,Environmental Accounts,621,R
2015,Total generation,Generation,Gigawatt hours,Actual,MBIE,42827,R
2015,Total generation,Prices,Number,Average,Electricity Authority,74,F
2015,Total generation,Resource rent,Dollars,Thousands,Environmental Accounts,1122143,R
2015,Waste heat,Generation,Gigawatt hours,Actual,MBIE,47,F
2015,Wind,Closing stock,Dollars,Thousands,Environmental Accounts,702820,R
2015,Wind,Generation,Gigawatt hours,Actual,MBIE,2146,F
2015,Wind,Gigawatt hours,Number,Percent,MBIE,5,F
2015,Wind,Opening stock,Dollars,Thousands,Environmental Accounts,697678,R
2015,Wind,Other changes,Dollars,Thousands,Environmental Accounts,5143,R
2015,Wind,Resource rent,Dollars,Thousands,Environmental Accounts,56226,R
2015,Wood,Closing stock,Dollars,Thousands,Environmental Accounts,167909,R
2015,Wood,Generation,Gigawatt hours,Actual,MBIE,513,F
2015,Wood,Gigawatt hours,Number,Percent,MBIE,1,F
2015,Wood,Opening stock,Dollars,Thousands,Environmental Accounts,185592,R
2015,Wood,Other changes,Dollars,Thousands,Environmental Accounts,-17683,R
2015,Wood,Resource rent,Dollars,Thousands,Environmental Accounts,13433,R
2016,Biogas,Closing stock,Dollars,Thousands,Environmental Accounts,72131,R
2016,Biogas,Generation,Gigawatt hours,Actual,MBIE,249,F
2016,Biogas,Gigawatt hours,Number,Percent,MBIE,1,F
2016,Biogas,Opening stock,Dollars,Thousands,Environmental Accounts,75852,R
2016,Biogas,Other changes,Dollars,Thousands,Environmental Accounts,-3720,R
2016,Biogas,Resource rent,Dollars,Thousands,Environmental Accounts,5771,R
2016,Coal,Generation,Gigawatt hours,Actual,MBIE,1389,F
2016,Gas,Generation,Gigawatt hours,Actual,MBIE,6139,R
2016,Geothermal,Closing stock,Dollars,Thousands,Environmental Accounts,2263436,R
2016,Geothermal,Generation,Gigawatt hours,Actual,MBIE,7825,F
2016,Geothermal,Gigawatt hours,Number,Percent,MBIE,18,F
2016,Geothermal,Opening stock,Dollars,Thousands,Environmental Accounts,2428377,R
2016,Geothermal,Other changes,Dollars,Thousands,Environmental Accounts,-164941,R
2016,Geothermal,Resource rent,Dollars,Thousands,Environmental Accounts,181075,R
2016,Hydro,Closing stock,Dollars,Thousands,Environmental Accounts,7166246,R
2016,Hydro,Generation,Gigawatt hours,Actual,MBIE,24775,F
2016,Hydro,Gigawatt hours,Number,Percent,MBIE,57,F
2016,Hydro,Opening stock,Dollars,Thousands,Environmental Accounts,7772820,R
2016,Hydro,Other changes,Dollars,Thousands,Environmental Accounts,-606574,R
2016,Hydro,Resource rent,Dollars,Thousands,Environmental Accounts,573300,R
2016,Oil,Generation,Gigawatt hours,Actual,MBIE,1,F
2016,Renewable,Closing stock,Dollars,Thousands,Environmental Accounts,10359713,R
2016,Renewable,Generation,Gigawatt hours,Actual,MBIE,35816,F
2016,Renewable,Gigawatt hours,Number,Percent,MBIE,83,F
2016,Renewable,Opening stock,Dollars,Thousands,Environmental Accounts,11155541,R
2016,Renewable,Other changes,Dollars,Thousands,Environmental Accounts,-795829,R
2016,Renewable,Resource rent,Dollars,Thousands,Environmental Accounts,828777,R
2016,Renewable,Resource rent,Number,Percent,Environmental Accounts,83,F
2016,Solar,Closing stock,Dollars,Thousands,Environmental Accounts,11945,R
2016,Solar,Generation,Gigawatt hours,Actual,MBIE,41,F
2016,Solar,Gigawatt hours,Number,Percent,MBIE,0,F
2016,Solar,Opening stock,Dollars,Thousands,Environmental Accounts,7763,R
2016,Solar,Other changes,Dollars,Thousands,Environmental Accounts,4182,R
2016,Solar,Resource rent,Dollars,Thousands,Environmental Accounts,956,R
2016,Total generation,Generation,Gigawatt hours,Actual,MBIE,43394,R
2016,Total generation,Prices,Number,Average,Electricity Authority,62,F
2016,Total generation,Resource rent,Dollars,Thousands,Environmental Accounts,1004150,R
2016,Waste heat,Generation,Gigawatt hours,Actual,MBIE,50,F
2016,Wind,Closing stock,Dollars,Thousands,Environmental Accounts,695702,R
2016,Wind,Generation,Gigawatt hours,Actual,MBIE,2405,F
2016,Wind,Gigawatt hours,Number,Percent,MBIE,6,F
2016,Wind,Opening stock,Dollars,Thousands,Environmental Accounts,702820,R
2016,Wind,Other changes,Dollars,Thousands,Environmental Accounts,-7118,R
2016,Wind,Resource rent,Dollars,Thousands,Environmental Accounts,55656,R
2016,Wood,Closing stock,Dollars,Thousands,Environmental Accounts,150252,R
2016,Wood,Generation,Gigawatt hours,Actual,MBIE,519,F
2016,Wood,Gigawatt hours,Number,Percent,MBIE,1,F
2016,Wood,Opening stock,Dollars,Thousands,Environmental Accounts,167909,R
2016,Wood,Other changes,Dollars,Thousands,Environmental Accounts,-17657,R
2016,Wood,Resource rent,Dollars,Thousands,Environmental Accounts,12020,R
2017,Biogas,Closing stock,Dollars,Thousands,Environmental Accounts,94883,R
2017,Biogas,Generation,Gigawatt hours,Actual,MBIE,269,F
2017,Biogas,Gigawatt hours,Number,Percent,MBIE,1,F
2017,Biogas,Opening stock,Dollars,Thousands,Environmental Accounts,72131,R
2017,Biogas,Other changes,Dollars,Thousands,Environmental Accounts,22752,R
2017,Biogas,Resource rent,Dollars,Thousands,Environmental Accounts,5693,R
2017,Coal,Generation,Gigawatt hours,Actual,MBIE,819,F
2017,Gas,Generation,Gigawatt hours,Actual,MBIE,5081,F
2017,Geothermal,Closing stock,Dollars,Thousands,Environmental Accounts,2705018,R
2017,Geothermal,Generation,Gigawatt hours,Actual,MBIE,7668,F
2017,Geothermal,Gigawatt hours,Number,Percent,MBIE,18,F
2017,Geothermal,Opening stock,Dollars,Thousands,Environmental Accounts,2263436,R
2017,Geothermal,Other changes,Dollars,Thousands,Environmental Accounts,441582,R
2017,Geothermal,Resource rent,Dollars,Thousands,Environmental Accounts,162301,R
2017,Hydro,Closing stock,Dollars,Thousands,Environmental Accounts,9187431,R
2017,Hydro,Generation,Gigawatt hours,Actual,MBIE,26043,F
2017,Hydro,Gigawatt hours,Number,Percent,MBIE,61,F
2017,Hydro,Opening stock,Dollars,Thousands,Environmental Accounts,7166246,R
2017,Hydro,Other changes,Dollars,Thousands,Environmental Accounts,2021185,R
2017,Hydro,Resource rent,Dollars,Thousands,Environmental Accounts,551246,R
2017,Oil,Generation,Gigawatt hours,Actual,MBIE,3,F
2017,Renewable,Closing stock,Dollars,Thousands,Environmental Accounts,13024430,R
2017,Renewable,Generation,Gigawatt hours,Actual,MBIE,36919,F
2017,Renewable,Gigawatt hours,Number,Percent,MBIE,86,F
2017,Renewable,Opening stock,Dollars,Thousands,Environmental Accounts,10359713,R
2017,Renewable,Other changes,Dollars,Thousands,Environmental Accounts,2664717,R
2017,Renewable,Resource rent,Dollars,Thousands,Environmental Accounts,781466,R
2017,Renewable,Resource rent,Number,Percent,Environmental Accounts,86,F
2017,Solar,Closing stock,Dollars,Thousands,Environmental Accounts,21374,R
2017,Solar,Generation,Gigawatt hours,Actual,MBIE,61,F
2017,Solar,Gigawatt hours,Number,Percent,MBIE,0,F
2017,Solar,Opening stock,Dollars,Thousands,Environmental Accounts,11945,R
2017,Solar,Other changes,Dollars,Thousands,Environmental Accounts,9429,R
2017,Solar,Resource rent,Dollars,Thousands,Environmental Accounts,1282,R
2017,Total generation,Generation,Gigawatt hours,Actual,MBIE,42875,F
2017,Total generation,Prices,Number,Average,Electricity Authority,52,F
2017,Total generation,Resource rent,Dollars,Thousands,Environmental Accounts,907522,R
2017,Waste heat,Generation,Gigawatt hours,Actual,MBIE,51,F
2017,Wind,Closing stock,Dollars,Thousands,Environmental Accounts,842192,R
2017,Wind,Generation,Gigawatt hours,Actual,MBIE,2387,F
2017,Wind,Gigawatt hours,Number,Percent,MBIE,6,F
2017,Wind,Opening stock,Dollars,Thousands,Environmental Accounts,695702,R
2017,Wind,Other changes,Dollars,Thousands,Environmental Accounts,146490,R
2017,Wind,Resource rent,Dollars,Thousands,Environmental Accounts,50532,R
2017,Wood,Closing stock,Dollars,Thousands,Environmental Accounts,173531,R
2017,Wood,Generation,Gigawatt hours,Actual,MBIE,492,F
2017,Wood,Gigawatt hours,Number,Percent,MBIE,1,F
2017,Wood,Opening stock,Dollars,Thousands,Environmental Accounts,150252,R
2017,Wood,Other changes,Dollars,Thousands,Environmental Accounts,23279,R
2017,Wood,Resource rent,Dollars,Thousands,Environmental Accounts,10412,R
2018,Biogas,Closing stock,Dollars,Thousands,Environmental Accounts,74709,R
2018,Biogas,Generation,Gigawatt hours,Actual,MBIE,263,F
2018,Biogas,Gigawatt hours,Number,Percent,MBIE,1,F
2018,Biogas,Opening stock,Dollars,Thousands,Environmental Accounts,94883,R
2018,Biogas,Other changes,Dollars,Thousands,Environmental Accounts,-20174,R
2018,Biogas,Resource rent,Dollars,Thousands,Environmental Accounts,4483,R
2018,Coal,Generation,Gigawatt hours,Actual,MBIE,1273,F
2018,Gas,Generation,Gigawatt hours,Actual,MBIE,6876,F
2018,Geothermal,Closing stock,Dollars,Thousands,Environmental Accounts,2176664,R
2018,Geothermal,Generation,Gigawatt hours,Actual,MBIE,7669,F
2018,Geothermal,Gigawatt hours,Number,Percent,MBIE,18,F
2018,Geothermal,Opening stock,Dollars,Thousands,Environmental Accounts,2705018,R
2018,Geothermal,Other changes,Dollars,Thousands,Environmental Accounts,-528354,R
2018,Geothermal,Resource rent,Dollars,Thousands,Environmental Accounts,130600,R
2018,Hydro,Closing stock,Dollars,Thousands,Environmental Accounts,6961551,R
2018,Hydro,Generation,Gigawatt hours,Actual,MBIE,24528,F
2018,Hydro,Gigawatt hours,Number,Percent,MBIE,57,F
2018,Hydro,Opening stock,Dollars,Thousands,Environmental Accounts,9187431,R
2018,Hydro,Other changes,Dollars,Thousands,Environmental Accounts,-2225880,R
2018,Hydro,Resource rent,Dollars,Thousands,Environmental Accounts,417693,R
2018,Oil,Generation,Gigawatt hours,Actual,MBIE,6,F
2018,Renewable,Closing stock,Dollars,Thousands,Environmental Accounts,9921211,R
2018,Renewable,Generation,Gigawatt hours,Actual,MBIE,34956,F
2018,Renewable,Gigawatt hours,Number,Percent,MBIE,81,F
2018,Renewable,Opening stock,Dollars,Thousands,Environmental Accounts,13024430,R
2018,Renewable,Other changes,Dollars,Thousands,Environmental Accounts,-3103219,R
2018,Renewable,Resource rent,Dollars,Thousands,Environmental Accounts,595273,R
2018,Renewable,Resource rent,Number,Percent,Environmental Accounts,81,F
2018,Solar,Closing stock,Dollars,Thousands,Environmental Accounts,23459,R
2018,Solar,Generation,Gigawatt hours,Actual,MBIE,83,F
2018,Solar,Gigawatt hours,Number,Percent,MBIE,0,F
2018,Solar,Opening stock,Dollars,Thousands,Environmental Accounts,21374,R
2018,Solar,Other changes,Dollars,Thousands,Environmental Accounts,2085,R
2018,Solar,Resource rent,Dollars,Thousands,Environmental Accounts,1408,R
2018,Total generation,Generation,Gigawatt hours,Actual,MBIE,43156,F
2018,Total generation,Prices,Number,Average,Electricity Authority,86,F
2018,Total generation,Resource rent,Dollars,Thousands,Environmental Accounts,734912,R
2018,Waste heat,Generation,Gigawatt hours,Actual,MBIE,45,F
2018,Wind,Closing stock,Dollars,Thousands,Environmental Accounts,547999,R
2018,Wind,Generation,Gigawatt hours,Actual,MBIE,1931,F
2018,Wind,Gigawatt hours,Number,Percent,MBIE,4,F
2018,Wind,Opening stock,Dollars,Thousands,Environmental Accounts,842192,R
2018,Wind,Other changes,Dollars,Thousands,Environmental Accounts,-294193,R
2018,Wind,Resource rent,Dollars,Thousands,Environmental Accounts,32880,R
2018,Wood,Closing stock,Dollars,Thousands,Environmental Accounts,136828,R
2018,Wood,Generation,Gigawatt hours,Actual,MBIE,482,F
2018,Wood,Gigawatt hours,Number,Percent,MBIE,1,F
2018,Wood,Opening stock,Dollars,Thousands,Environmental Accounts,173531,R
2018,Wood,Other changes,Dollars,Thousands,Environmental Accounts,-36703,R
2018,Wood,Resource rent,Dollars,Thousands,Environmental Accounts,8210,R
2019,Biogas,Closing stock,Dollars,Thousands,Environmental Accounts,96378,R
2019,Biogas,Generation,Gigawatt hours,Actual,MBIE,261,F
2019,Biogas,Gigawatt hours,Number,Percent,MBIE,1,F
2019,Biogas,Opening stock,Dollars,Thousands,Environmental Accounts,74709,R
2019,Biogas,Other changes,Dollars,Thousands,Environmental Accounts,21669,R
2019,Biogas,Resource rent,Dollars,Thousands,Environmental Accounts,5783,R
2019,Coal,Generation,Gigawatt hours,Actual,MBIE,1871,F
2019,Gas,Generation,Gigawatt hours,Actual,MBIE,5054,R
2019,Geothermal,Closing stock,Dollars,Thousands,Environmental Accounts,2884227,R
2019,Geothermal,Generation,Gigawatt hours,Actual,MBIE,7815,F
2019,Geothermal,Gigawatt hours,Number,Percent,MBIE,18,F
2019,Geothermal,Opening stock,Dollars,Thousands,Environmental Accounts,2176664,R
2019,Geothermal,Other changes,Dollars,Thousands,Environmental Accounts,707563,R
2019,Geothermal,Resource rent,Dollars,Thousands,Environmental Accounts,173054,R
2019,Hydro,Closing stock,Dollars,Thousands,Environmental Accounts,9579808,R
2019,Hydro,Generation,Gigawatt hours,Actual,MBIE,25958,F
2019,Hydro,Gigawatt hours,Number,Percent,MBIE,59,F
2019,Hydro,Opening stock,Dollars,Thousands,Environmental Accounts,6961551,R
2019,Hydro,Other changes,Dollars,Thousands,Environmental Accounts,2618257,R
2019,Hydro,Resource rent,Dollars,Thousands,Environmental Accounts,574788,R
2019,Oil,Generation,Gigawatt hours,Actual,MBIE,12,F
2019,Renewable,Closing stock,Dollars,Thousands,Environmental Accounts,13540261,R
2019,Renewable,Generation,Gigawatt hours,Actual,MBIE,36690,F
2019,Renewable,Gigawatt hours,Number,Percent,MBIE,84,F
2019,Renewable,Opening stock,Dollars,Thousands,Environmental Accounts,9921211,R
2019,Renewable,Other changes,Dollars,Thousands,Environmental Accounts,3619050,R
2019,Renewable,Resource rent,Dollars,Thousands,Environmental Accounts,812416,R
2019,Renewable,Resource rent,Number,Percent,Environmental Accounts,84,F
2019,Solar,Closing stock,Dollars,Thousands,Environmental Accounts,40581,R
2019,Solar,Generation,Gigawatt hours,Actual,MBIE,110,F
2019,Solar,Gigawatt hours,Number,Percent,MBIE,0,F
2019,Solar,Opening stock,Dollars,Thousands,Environmental Accounts,23459,R
2019,Solar,Other changes,Dollars,Thousands,Environmental Accounts,17122,R
2019,Solar,Resource rent,Dollars,Thousands,Environmental Accounts,2435,R
2019,Total generation,Generation,Gigawatt hours,Actual,MBIE,43677,F
2019,Total generation,Prices,Number,Average,Electricity Authority,125,F
2019,Total generation,Resource rent,Dollars,Thousands,Environmental Accounts,967129,R
2019,Waste heat,Generation,Gigawatt hours,Actual,MBIE,51,F
2019,Wind,Closing stock,Dollars,Thousands,Environmental Accounts,768437,R
2019,Wind,Generation,Gigawatt hours,Actual,MBIE,2082,F
2019,Wind,Gigawatt hours,Number,Percent,MBIE,5,F
2019,Wind,Opening stock,Dollars,Thousands,Environmental Accounts,547999,R
2019,Wind,Other changes,Dollars,Thousands,Environmental Accounts,220438,R
2019,Wind,Resource rent,Dollars,Thousands,Environmental Accounts,46106,R
2019,Wood,Closing stock,Dollars,Thousands,Environmental Accounts,170829,R
2019,Wood,Generation,Gigawatt hours,Actual,MBIE,463,F
2019,Wood,Gigawatt hours,Number,Percent,MBIE,1,F
2019,Wood,Opening stock,Dollars,Thousands,Environmental Accounts,136828,R
2019,Wood,Other changes,Dollars,Thousands,Environmental Accounts,34001,R
2019,Wood,Resource rent,Dollars,Thousands,Environmental Accounts,10250,R
2020,Biogas,Closing stock,Dollars,Thousands,Environmental Accounts,130997,R
2020,Biogas,Generation,Gigawatt hours,Actual,MBIE,266,F
2020,Biogas,Gigawatt hours,Number,Percent,MBIE,1,F
2020,Biogas,Opening stock,Dollars,Thousands,Environmental Accounts,96378,R
2020,Biogas,Other changes,Dollars,Thousands,Environmental Accounts,34619,R
2020,Biogas,Resource rent,Dollars,Thousands,Environmental Accounts,7860,R
2020,Coal,Generation,Gigawatt hours,Actual,MBIE,1965,F
2020,Gas,Generation,Gigawatt hours,Actual,MBIE,5401,R
2020,Geothermal,Closing stock,Dollars,Thousands,Environmental Accounts,3870522,R
2020,Geothermal,Generation,Gigawatt hours,Actual,MBIE,7869,F
2020,Geothermal,Gigawatt hours,Number,Percent,MBIE,18,F
2020,Geothermal,Opening stock,Dollars,Thousands,Environmental Accounts,2884227,R
2020,Geothermal,Other changes,Dollars,Thousands,Environmental Accounts,986295,R
2020,Geothermal,Resource rent,Dollars,Thousands,Environmental Accounts,232231,R
2020,Hydro,Closing stock,Dollars,Thousands,Environmental Accounts,12530668,R
2020,Hydro,Generation,Gigawatt hours,Actual,MBIE,25477,F
2020,Hydro,Gigawatt hours,Number,Percent,MBIE,58,F
2020,Hydro,Opening stock,Dollars,Thousands,Environmental Accounts,9579808,R
2020,Hydro,Other changes,Dollars,Thousands,Environmental Accounts,2950859,R
2020,Hydro,Resource rent,Dollars,Thousands,Environmental Accounts,751840,R
2020,Oil,Generation,Gigawatt hours,Actual,MBIE,3,F
2020,Renewable,Closing stock,Dollars,Thousands,Environmental Accounts,17946630,R
2020,Renewable,Generation,Gigawatt hours,Actual,MBIE,36488,F
2020,Renewable,Gigawatt hours,Number,Percent,MBIE,83,F
2020,Renewable,Opening stock,Dollars,Thousands,Environmental Accounts,13540261,R
2020,Renewable,Other changes,Dollars,Thousands,Environmental Accounts,4406369,R
2020,Renewable,Resource rent,Dollars,Thousands,Environmental Accounts,1076798,R
2020,Renewable,Resource rent,Number,Percent,Environmental Accounts,83,F
2020,Solar,Closing stock,Dollars,Thousands,Environmental Accounts,66437,R
2020,Solar,Generation,Gigawatt hours,Actual,MBIE,135,F
2020,Solar,Gigawatt hours,Number,Percent,MBIE,0,F
2020,Solar,Opening stock,Dollars,Thousands,Environmental Accounts,40581,R
2020,Solar,Other changes,Dollars,Thousands,Environmental Accounts,25856,R
2020,Solar,Resource rent,Dollars,Thousands,Environmental Accounts,3986,R
2020,Total generation,Generation,Gigawatt hours,Actual,MBIE,43901,R
2020,Total generation,Prices,Number,Average,Electricity Authority,96,F
2020,Total generation,Resource rent,Dollars,Thousands,Environmental Accounts,1295556,R
2020,Waste heat,Generation,Gigawatt hours,Actual,MBIE,44,F
2020,Wind,Closing stock,Dollars,Thousands,Environmental Accounts,1118519,R
2020,Wind,Generation,Gigawatt hours,Actual,MBIE,2274,R
2020,Wind,Gigawatt hours,Number,Percent,MBIE,5,F
2020,Wind,Opening stock,Dollars,Thousands,Environmental Accounts,768437,R
2020,Wind,Other changes,Dollars,Thousands,Environmental Accounts,350082,R
2020,Wind,Resource rent,Dollars,Thousands,Environmental Accounts,67111,R
2020,Wood,Closing stock,Dollars,Thousands,Environmental Accounts,229488,R
2020,Wood,Generation,Gigawatt hours,Actual,MBIE,467,F
2020,Wood,Gigawatt hours,Number,Percent,MBIE,1,F
2020,Wood,Opening stock,Dollars,Thousands,Environmental Accounts,170829,R
2020,Wood,Other changes,Dollars,Thousands,Environmental Accounts,58659,R
2020,Wood,Resource rent,Dollars,Thousands,Environmental Accounts,13769,R
2021,Biogas,Closing stock,Dollars,Thousands,Environmental Accounts,95401,R
2021,Biogas,Generation,Gigawatt hours,Actual,MBIE,274,F
2021,Biogas,Gigawatt hours,Number,Percent,MBIE,1,F
2021,Biogas,Opening stock,Dollars,Thousands,Environmental Accounts,130997,R
2021,Biogas,Other changes,Dollars,Thousands,Environmental Accounts,-35596,R
2021,Biogas,Resource rent,Dollars,Thousands,Environmental Accounts,4770,R
2021,Coal,Generation,Gigawatt hours,Actual,MBIE,2663,F
2021,Gas,Generation,Gigawatt hours,Actual,MBIE,5703,R
2021,Geothermal,Closing stock,Dollars,Thousands,Environmental Accounts,2742884,R
2021,Geothermal,Generation,Gigawatt hours,Actual,MBIE,7877,F
2021,Geothermal,Gigawatt hours,Number,Percent,MBIE,18,F
2021,Geothermal,Opening stock,Dollars,Thousands,Environmental Accounts,3870522,R
2021,Geothermal,Other changes,Dollars,Thousands,Environmental Accounts,-1127638,R
2021,Geothermal,Resource rent,Dollars,Thousands,Environmental Accounts,137144,R
2021,Hydro,Closing stock,Dollars,Thousands,Environmental Accounts,8172965,R
2021,Hydro,Generation,Gigawatt hours,Actual,MBIE,23472,F
2021,Hydro,Gigawatt hours,Number,Percent,MBIE,55,F
2021,Hydro,Opening stock,Dollars,Thousands,Environmental Accounts,12530668,R
2021,Hydro,Other changes,Dollars,Thousands,Environmental Accounts,-4357702,R
2021,Hydro,Resource rent,Dollars,Thousands,Environmental Accounts,408648,R
2021,Oil,Generation,Gigawatt hours,Actual,MBIE,19,F
2021,Renewable,Closing stock,Dollars,Thousands,Environmental Accounts,12023909,R
2021,Renewable,Generation,Gigawatt hours,Actual,MBIE,34532,R
2021,Renewable,Gigawatt hours,Number,Percent,MBIE,80,F
2021,Renewable,Opening stock,Dollars,Thousands,Environmental Accounts,17946630,R
2021,Renewable,Other changes,Dollars,Thousands,Environmental Accounts,-5922721,R
2021,Renewable,Resource rent,Dollars,Thousands,Environmental Accounts,601195,R
2021,Renewable,Resource rent,Number,Percent,Environmental Accounts,80,F
2021,Solar,Closing stock,Dollars,Thousands,Environmental Accounts,60175,R
2021,Solar,Generation,Gigawatt hours,Actual,MBIE,173,F
2021,Solar,Gigawatt hours,Number,Percent,MBIE,0,F
2021,Solar,Opening stock,Dollars,Thousands,Environmental Accounts,66437,R
2021,Solar,Other changes,Dollars,Thousands,Environmental Accounts,-6262,R
2021,Solar,Resource rent,Dollars,Thousands,Environmental Accounts,3009,R
2021,Total generation,Generation,Gigawatt hours,Actual,MBIE,42955,R
2021,Total generation,Prices,Number,Average,Electricity Authority,139,F
2021,Total generation,Resource rent,Dollars,Thousands,Environmental Accounts,747843,R
2021,Waste heat,Generation,Gigawatt hours,Actual,MBIE,38,F
2021,Wind,Closing stock,Dollars,Thousands,Environmental Accounts,791148,R
2021,Wind,Generation,Gigawatt hours,Actual,MBIE,2272,R
2021,Wind,Gigawatt hours,Number,Percent,MBIE,5,F
2021,Wind,Opening stock,Dollars,Thousands,Environmental Accounts,1118519,R
2021,Wind,Other changes,Dollars,Thousands,Environmental Accounts,-327371,R
2021,Wind,Resource rent,Dollars,Thousands,Environmental Accounts,39557,R
2021,Wood,Closing stock,Dollars,Thousands,Environmental Accounts,161336,R
2021,Wood,Generation,Gigawatt hours,Actual,MBIE,463,F
2021,Wood,Gigawatt hours,Number,Percent,MBIE,1,F
2021,Wood,Opening stock,Dollars,Thousands,Environmental Accounts,229488,R
2021,Wood,Other changes,Dollars,Thousands,Environmental Accounts,-68152,R
2021,Wood,Resource rent,Dollars,Thousands,Environmental Accounts,8067,R
2022,Biogas,Closing stock,Dollars,Thousands,Environmental Accounts,121026,R
2022,Biogas,Generation,Gigawatt hours,Actual,MBIE,264,F
2022,Biogas,Gigawatt hours,Number,Percent,MBIE,1,F
2022,Biogas,Opening stock,Dollars,Thousands,Environmental Accounts,95401,R
2022,Biogas,Other changes,Dollars,Thousands,Environmental Accounts,25625,R
2022,Biogas,Resource rent,Dollars,Thousands,Environmental Accounts,6051,R
2022,Coal,Generation,Gigawatt hours,Actual,MBIE,2434,F
2022,Gas,Generation,Gigawatt hours,Actual,MBIE,4872,R
2022,Geothermal,Closing stock,Dollars,Thousands,Environmental Accounts,3652730,R
2022,Geothermal,Generation,Gigawatt hours,Actual,MBIE,7957,F
2022,Geothermal,Gigawatt hours,Number,Percent,MBIE,18,F
2022,Geothermal,Opening stock,Dollars,Thousands,Environmental Accounts,2742884,R
2022,Geothermal,Other changes,Dollars,Thousands,Environmental Accounts,909846,R
2022,Geothermal,Resource rent,Dollars,Thousands,Environmental Accounts,182637,R
2022,Hydro,Closing stock,Dollars,Thousands,Environmental Accounts,11146909,R
2022,Hydro,Generation,Gigawatt hours,Actual,MBIE,24281,F
2022,Hydro,Gigawatt hours,Number,Percent,MBIE,56,F
2022,Hydro,Opening stock,Dollars,Thousands,Environmental Accounts,8172965,R
2022,Hydro,Other changes,Dollars,Thousands,Environmental Accounts,2973944,R
2022,Hydro,Resource rent,Dollars,Thousands,Environmental Accounts,557345,R
2022,Oil,Generation,Gigawatt hours,Actual,MBIE,21,F
2022,Renewable,Closing stock,Dollars,Thousands,Environmental Accounts,16500117,R
2022,Renewable,Generation,Gigawatt hours,Actual,MBIE,35941,R
2022,Renewable,Gigawatt hours,Number,Percent,MBIE,83,F
2022,Renewable,Opening stock,Dollars,Thousands,Environmental Accounts,12023909,R
2022,Renewable,Other changes,Dollars,Thousands,Environmental Accounts,4476208,R
2022,Renewable,Resource rent,Dollars,Thousands,Environmental Accounts,825006,R
2022,Renewable,Resource rent,Number,Percent,Environmental Accounts,83,F
2022,Solar,Closing stock,Dollars,Thousands,Environmental Accounts,105634,R
2022,Solar,Generation,Gigawatt hours,Actual,MBIE,230,R
2022,Solar,Gigawatt hours,Number,Percent,MBIE,1,F
2022,Solar,Opening stock,Dollars,Thousands,Environmental Accounts,60175,R
2022,Solar,Other changes,Dollars,Thousands,Environmental Accounts,45459,R
2022,Solar,Resource rent,Dollars,Thousands,Environmental Accounts,5282,R
2022,Total generation,Generation,Gigawatt hours,Actual,MBIE,43314,R
2022,Total generation,Prices,Number,Average,Electricity Authority,157,F
2022,Total generation,Resource rent,Dollars,Thousands,Environmental Accounts,994242,R
2022,Waste heat,Generation,Gigawatt hours,Actual,MBIE,45,F
2022,Wind,Closing stock,Dollars,Thousands,Environmental Accounts,1251647,R
2022,Wind,Generation,Gigawatt hours,Actual,MBIE,2726,F
2022,Wind,Gigawatt hours,Number,Percent,MBIE,6,F
2022,Wind,Opening stock,Dollars,Thousands,Environmental Accounts,791148,R
2022,Wind,Other changes,Dollars,Thousands,Environmental Accounts,460499,R
2022,Wind,Resource rent,Dollars,Thousands,Environmental Accounts,62582,R
2022,Wood,Closing stock,Dollars,Thousands,Environmental Accounts,222170,R
2022,Wood,Generation,Gigawatt hours,Actual,MBIE,484,F
2022,Wood,Gigawatt hours,Number,Percent,MBIE,1,F
2022,Wood,Opening stock,Dollars,Thousands,Environmental Accounts,161336,R
2022,Wood,Other changes,Dollars,Thousands,Environmental Accounts,60834,R
2022,Wood,Resource rent,Dollars,Thousands,Environmental Accounts,11109,R
2023,Biogas,Closing stock,Dollars,Thousands,Environmental Accounts,94649,P
2023,Biogas,Generation,Gigawatt hours,Actual,MBIE,264,P
2023,Biogas,Gigawatt hours,Number,Percent,MBIE,1,P
2023,Biogas,Opening stock,Dollars,Thousands,Environmental Accounts,121026,P
2023,Biogas,Other changes,Dollars,Thousands,Environmental Accounts,-26377,P
2023,Biogas,Resource rent,Dollars,Thousands,Environmental Accounts,4732,P
2023,Coal,Generation,Gigawatt hours,Actual,MBIE,981,P
2023,Gas,Generation,Gigawatt hours,Actual,MBIE,4086,P
2023,Geothermal,Closing stock,Dollars,Thousands,Environmental Accounts,2850311,P
2023,Geothermal,Generation,Gigawatt hours,Actual,MBIE,7963,P
2023,Geothermal,Gigawatt hours,Number,Percent,MBIE,18,P
2023,Geothermal,Opening stock,Dollars,Thousands,Environmental Accounts,3652730,P
2023,Geothermal,Other changes,Dollars,Thousands,Environmental Accounts,-802420,P
2023,Geothermal,Resource rent,Dollars,Thousands,Environmental Accounts,142516,P
2023,Hydro,Closing stock,Dollars,Thousands,Environmental Accounts,9461117,P
2023,Hydro,Generation,Gigawatt hours,Actual,MBIE,26432,P
2023,Hydro,Gigawatt hours,Number,Percent,MBIE,61,P
2023,Hydro,Opening stock,Dollars,Thousands,Environmental Accounts,11146909,P
2023,Hydro,Other changes,Dollars,Thousands,Environmental Accounts,-1685792,P
2023,Hydro,Resource rent,Dollars,Thousands,Environmental Accounts,473056,P
2023,Oil,Generation,Gigawatt hours,Actual,MBIE,6,P
2023,Renewable,Closing stock,Dollars,Thousands,Environmental Accounts,13685036,P
2023,Renewable,Generation,Gigawatt hours,Actual,MBIE,38232,P
2023,Renewable,Gigawatt hours,Number,Percent,MBIE,88,P
2023,Renewable,Opening stock,Dollars,Thousands,Environmental Accounts,16500117,P
2023,Renewable,Other changes,Dollars,Thousands,Environmental Accounts,-2815081,P
2023,Renewable,Resource rent,Dollars,Thousands,Environmental Accounts,684252,P
2023,Renewable,Resource rent,Number,Percent,Environmental Accounts,88,P
2023,Solar,Closing stock,Dollars,Thousands,Environmental Accounts,106864,P
2023,Solar,Generation,Gigawatt hours,Actual,MBIE,299,P
2023,Solar,Gigawatt hours,Number,Percent,MBIE,1,P
2023,Solar,Opening stock,Dollars,Thousands,Environmental Accounts,105634,P
2023,Solar,Other changes,Dollars,Thousands,Environmental Accounts,1230,P
2023,Solar,Resource rent,Dollars,Thousands,Environmental Accounts,5343,P
2023,Total generation,Generation,Gigawatt hours,Actual,MBIE,43343,P
2023,Total generation,Prices,Number,Average,Electricity Authority,109,P
2023,Total generation,Resource rent,Dollars,Thousands,Environmental Accounts,775724,P
2023,Waste heat,Generation,Gigawatt hours,Actual,MBIE,38,P
2023,Wind,Closing stock,Dollars,Thousands,Environmental Accounts,1021389,P
2023,Wind,Generation,Gigawatt hours,Actual,MBIE,2853,P
2023,Wind,Gigawatt hours,Number,Percent,MBIE,7,P
2023,Wind,Opening stock,Dollars,Thousands,Environmental Accounts,1251647,P
2023,Wind,Other changes,Dollars,Thousands,Environmental Accounts,-230258,P
2023,Wind,Resource rent,Dollars,Thousands,Environmental Accounts,51069,P
2023,Wood,Closing stock,Dollars,Thousands,Environmental Accounts,150706,P
2023,Wood,Generation,Gigawatt hours,Actual,MBIE,421,P
2023,Wood,Gigawatt hours,Number,Percent,MBIE,1,P
2023,Wood,Opening stock,Dollars,Thousands,Environmental Accounts,222170,P
2023,Wood,Other changes,Dollars,Thousands,Environmental Accounts,-71465,P
2023,Wood,Resource rent,Dollars,Thousands,Environmental Accounts,7535,P
